Workbook

Sheet Cost estimate
A1: QuickBite: AI cost per call and cost estimate
A2: Source: QuickBite per-call AI usage meter (tokens Gemini reported per request), 59 real calls, 2026-10-07 to 2026-10-08. Live view: quickbite-5cde0-staging.web.app/ai-usage
A3: Orange cells are assumptions you can change; everything else is calculated.
A5: Real calls measured | B5: Average AI cost per call | C5: Median per call | D5: Total at paid prices | E5: Actually billed (free tier)
A6: =COUNTA(Calls!B2:B60) | B6: =AVERAGE(Calls!Q2:Q60) | C6: =MEDIAN(Calls!Q2:Q60) | D6: =SUM(Calls!Q2:Q60) | E6: 0
A8: Where the AI cost goes | E8: Tokens by kind
A9: Task | B9: Cost ($) | C9: Share | E9: Kind | F9: Tokens
A10: Live call (Mia) | B10: =SUM(Calls!M2:M60) | C10: =B10/$D$6 | E10: Text in | F10: =SUM(Calls!G2:G60)
A11: Photo vision | B11: =SUM(Calls!N2:N60) | C11: =B11/$D$6 | E11: Audio in | F11: =SUM(Calls!H2:H60)
A12: Case summary | B12: =SUM(Calls!O2:O60) | C12: =B12/$D$6 | E12: Camera in | F12: =SUM(Calls!I2:I60)
A13: Case linking | B13: =SUM(Calls!P2:P60) | C13: =B13/$D$6 | E13: Text out | F13: =SUM(Calls!J2:J60)
E14: Voice out | F14: =SUM(Calls!K2:K60)
A17: Cost estimate (rough)
A18: Item | B18: Low ($/month) | C18: High ($/month) | D18: Notes
A19: 1 · Prototype (done): infrastructure | B19: 0 | C19: 0 | D19: Firebase free tier, Gemini free key, OpenStreetMap/OSRM, Apps Script
A20: 2 · Scale-up: Firebase Blaze (Firestore + Hosting) | B20: 20 | C20: 40 | D20: assumption
A21: 2 · Scale-up: Cloud Run + ADK (server-side keys, agents) | B21: 15 | C21: 30 | D21: assumption
A22: 2 · Scale-up: Google Maps Platform (geocoding, places, routes) | B22: 20 | C22: 40 | D22: assumption; Maps has a monthly free credit
A23: 2 · Scale-up: TURN relay for video | B23: 5 | C23: 10 | D23: assumption
A24: Fixed scale-up total (per month) | B24: =SUM(B20:B23) | C24: =SUM(C20:C23)
A26: 3 · Running cost: AI per call × call volume (rough estimate)
A27: Scenario | B27: Calls per day | C27: Calls per month | D27: AI per month ($) | E27: Total low ($) | F27: Total high ($)
A28: Small town | B28: 3 | C28: =B28*30 | D28: =C28*$B$6 | E28: =D28+$B$24 | F28: =D28+$C$24
A29: District pilot | B29: 10 | C29: =B29*30 | D29: =C29*$B$6 | E29: =D29+$B$24 | F29: =D29+$C$24
A30: Large city | B30: 50 | C30: =B30*30 | D30: =C30*$B$6 | E30: =D30+$B$24 | F30: =D30+$C$24
A31: State-wide | B31: 300 | C31: =B31*30 | D31: =C31*$B$6 | E31: =D31+$B$24 | F31: =D31+$C$24
A33: No new staff: incidents go to existing 112 / helpline responders, so the only new running cost is AI and hosting.
A34: Rough estimates: scale-up prices are assumptions, not quotes. Per-call AI cost is measured at Gemini paid-tier prices (see Prices).

Sheet Calls
A1: # | B1: Incident | C1: Started (UTC) | D1: Channel | E1: Severity | F1: Requests | G1: Text in | H1: Audio in | I1: Camera in | J1: Text out | K1: Voice out | L1: Total tokens | M1: Live call (Mia) ($) | N1: Photo vision ($) | O1: Case summary ($) | P1: Case linking ($) | Q1: Call cost ($)
A2: 1 | B2: INC-MUXPIC7Z | C2: 2026-10-07 06:08 | D2: live-call | E2: high | F2: 41 | G2: 183814 | H2: 38623 | I2: 25270 | J2: 593 | K2: 2851 | L2: =SUM(G2:K2) | M2: 0.300949 | N2: 0.005788 | O2: 0.000794 | P2: 0.000327 | Q2: =SUM(M2:P2)
A3: 2 | B3: INC-MUXPQC6D | C3: 2026-10-07 06:14 | D3: live-call | E3: high | F3: 41 | G3: 173967 | H3: 33939 | I3: 26068 | J3: 673 | K3: 2825 | L3: =SUM(G3:K3) | M3: 0.278547 | N3: 0.006075 | O3: 0.000866 | P3: 0.000334 | Q3: =SUM(M3:P3)
A4: 3 | B4: INC-MUXPXKUJ | C4: 2026-10-07 06:20 | D4: live-call | E4: high | F4: 37 | G4: 160393 | H4: 29929 | I4: 50029 | J4: 474 | K4: 2434 | L4: =SUM(G4:K4) | M4: 0.330471 | N4: 0.005452 | O4: 0.000778 | P4: 0 | Q4: =SUM(M4:P4)
A5: 4 | B5: INC-MUXQ41BK | C5: 2026-10-07 06:25 | D5: live-call | E5: high | F5: 39 | G5: 165747 | H5: 33877 | I5: 36848 | J5: 546 | K5: 2767 | L5: =SUM(G5:K5) | M5: 0.307073 | N5: 0.005758 | O5: 0.000826 | P5: 0.000211 | Q5: =SUM(M5:P5)
A6: 5 | B6: INC-MUXQAL9K | C6: 2026-10-07 06:30 | D6: live-call | E6: low | F6: 9 | G6: 24965 | H6: 1444 | I6: 5852 | J6: 246 | K6: 923 | L6: =SUM(G6:K6) | M6: 0.034917 | N6: 0.00152 | O6: 0.000682 | P6: 0 | Q6: =SUM(M6:P6)
A7: 6 | B7: INC-MUXQDJG6 | C7: 2026-10-07 06:32 | D7: live-call | E7: high | F7: 48 | G7: 236363 | H7: 60250 | I7: 52969 | J7: 611 | K7: 3186 | L7: =SUM(G7:K7) | M7: 0.489048 | N7: 0.006075 | O7: 0.000841 | P7: 0.000338 | Q7: =SUM(M7:P7)
A8: 7 | B8: INC-MUXQM5BB | C8: 2026-10-07 06:39 | D8: live-call | E8: high | F8: 41 | G8: 232650 | H8: 43486 | I8: 58744 | J8: 757 | K8: 2787 | L8: =SUM(G8:K8) | M8: 0.465645 | N8: 0.004543 | O8: 0.000883 | P8: 0.000347 | Q8: =SUM(M8:P8)
A9: 8 | B9: INC-MUXQR6PX | C9: 2026-10-07 06:43 | D9: live-call | E9: high | F9: 49 | G9: 232684 | H9: 63246 | I9: 102032 | J9: 608 | K9: 3669 | L9: =SUM(G9:K9) | M9: 0.641813 | N9: 0.006673 | O9: 0.000871 | P9: 0.00027 | Q9: =SUM(M9:P9)
A10: 9 | B10: INC-MUXWFXSM | C10: 2026-10-07 09:22 | D10: live-call | E10: high | F10: 16 | G10: 84163 | H10: 11347 | I10: 13167 | J10: 295 | K10: 1624 | L10: =SUM(G10:K10) | M10: 0.139523 | N10: 0.00152 | O10: 0.000709 | P10: 0 | Q10: =SUM(M10:P10)
A11: 10 | B11: INC-MUXWLAOF | C11: 2026-10-07 09:26 | D11: live-call | E11: low | F11: 3 | G11: 8471 | H11: 168 | I11: 1064 | J11: 295 | K11: 310 | L11: =SUM(G11:K11) | M11: 0.010125 | N11: 0.000442 | O11: 0.000638 | P11: 0 | Q11: =SUM(M11:P11)
A12: 11 | B12: INC-MUXWO98U | C12: 2026-10-07 09:29 | D12: live-call | E12: low | F12: 3 | G12: 8418 | H12: 168 | I12: 1064 | J12: 255 | K12: 308 | L12: =SUM(G12:K12) | M12: 0.010101 | N12: 0.000382 | O12: 0.000622 | P12: 0 | Q12: =SUM(M12:P12)
A13: 12 | B13: INC-MUXWSFB8 | C13: 2026-10-07 09:32 | D13: live-call | E13: high | F13: 25 | G13: 167352 | H13: 27760 | I13: 110754 | J13: 837 | K13: 1901 | L13: =SUM(G13:K13) | M13: 0.547246 | N13: 0.002011 | O13: 0.000785 | P13: 0.000262 | Q13: =SUM(M13:P13)
... A60: 59 | B60: INC-MUZNKM7N | C60: 2026-10-08 14:49 | D60: live-call | E60: high | F60: 31 | G60: 174945 | H60: 30185 | I60: 49427 | J60: 690 | K60: 1987 | L60: =SUM(G60:K60) | M60: 0.357776 | N60: 0.003464 | O60: 0.000825 | P60: 0.00027 | Q60: =SUM(M60:P60)

Sheet Prices
A1: Gemini paid-tier prices used (USD per 1M tokens), Oct 2026, from shared/aiModels.ts
A2: Model | B2: Text in | C2: Audio in | D2: Camera in | E2: Text out | F2: Voice out
A3: gemini-3.8-live | B3: 0.75 | C3: 3 | D3: 3 | E3: 4.5 | F3: 12
A4: gemini-3.8-live-extended-thinking | B4: 0.75 | C4: 3 | D4: 3 | E4: 4.5 | F4: 12
A5: gemini-3.5-flash-lite | B5: 0.3 | C5: 0.3 | D5: 0.3 | E5: 2.5 | F5: 2.5
A6: gemini-3.1-flash-lite | B6: 0.25 | C6: 0.5 | D6: 0.25 | E6: 1.5 | F6: 1.5
A7: gemma-4-31b-it | B7: 0 | C7: 0 | D7: 0 | E7: 0 | F7: 0
A9: Free-tier requests cost nothing; totals show what the same calls would cost on the paid key.
